<?xml version="1.0" encoding="UTF-8" standalone="yes"?>
<!--
  ~ Licensed to the Apache Software Foundation (ASF) under one or more
  ~ contributor license agreements.  See the NOTICE file distributed with
  ~ this work for additional information regarding copyright ownership.
  ~ The ASF licenses this file to You under the Apache License, Version 2.0
  ~ (the "License"); you may not use this file except in compliance with
  ~ the License.  You may obtain a copy of the License at
  ~
  ~      http://www.apache.org/licenses/LICENSE-2.0
  ~
  ~ Unless required by applicable law or agreed to in writing, software
  ~ distributed under the License is distributed on an "AS IS" BASIS,
  ~ WITHOUT WARRANTIES OR CONDITIONS OF ANY KIND, either express or implied.
  ~ See the License for the specific language governing permissions and
  ~ limitations under the License.
  -->
<license-lookup xmlns:xsi="http://www.w3.org/2001/XMLSchema-instance"
                xmlns="https://source.jasig.org/schemas/maven-notice-plugin/license-lookup"
                xsi:schemaLocation="https://source.jasig.org/schemas/maven-notice-plugin/license-lookup https://source.jasig.org/schemas/maven-notice-plugin/license-lookup/license-lookup-v1.0.xsd">
    <artifact>
        <groupId>org.eclipse</groupId>
        <artifactId>org.eclipse.osgi</artifactId>
        <version>3.8.2.v20130124-134944</version>
        <license>Eclipse Public License, Version 1.0</license>
    </artifact>
</license-lookup>
