<?xml version="1.0" encoding="UTF-8"?>
<!--
  ~ Licensed to the Apache Software Foundation (ASF) under one or more
  ~ contributor license agreements.  See the NOTICE file distributed with
  ~ this work for additional information regarding copyright ownership.
  ~ The ASF licenses this file to You under the Apache License, Version 2.0
  ~ (the "License"); you may not use this file except in compliance with
  ~ the License.  You may obtain a copy of the License at
  ~
  ~      http://www.apache.org/licenses/LICENSE-2.0
  ~
  ~ Unless required by applicable law or agreed to in writing, software
  ~ distributed under the License is distributed on an "AS IS" BASIS,
  ~ WITHOUT WARRANTIES OR CONDITIONS OF ANY KIND, either express or implied.
  ~ See the License for the specific language governing permissions and
  ~ limitations under the License.
  -->


<blueprint xmlns:xsi="http://www.w3.org/2001/XMLSchema-instance"
           xmlns:cm="http://aries.apache.org/blueprint/xmlns/blueprint-cm/v1.1.0"
           xmlns="http://www.osgi.org/xmlns/blueprint/v1.0.0"
           xsi:schemaLocation="http://www.osgi.org/xmlns/blueprint/v1.0.0 http://www.osgi.org/xmlns/blueprint/v1.0.0/blueprint.xsd">

    <cm:property-placeholder persistent-id="org.apache.unomi.mailchimpconnector" update-strategy="reload">
        <cm:default-properties>
            <cm:property name="mailChimpConnector.apiKey" value=""/>
            <cm:property name="mailChimpConnector.url.subDomain" value=""/>
            <cm:property name="mailChimpConnector.list.merge-fields.mapping" value=""/>
            <cm:property name="mailChimpConnector.list.merge-fields.activate" value="true"/>
        </cm:default-properties>
    </cm:property-placeholder>

    <bean id="mailChimpServiceImpl" class="org.apache.unomi.mailchimp.services.internal.MailChimpServiceImpl">
        <property name="apiKey" value="${mailChimpConnector.apiKey}"/>
        <property name="urlSubDomain" value="${mailChimpConnector.url.subDomain}"/>
        <property name="listMergeFieldMapping" value="${mailChimpConnector.list.merge-fields.mapping}"/>
        <property name="isMergeFieldsActivate" value="${mailChimpConnector.list.merge-fields.activate}"/>
    </bean>

    <service id="mailChimpService" ref="mailChimpServiceImpl" interface="org.apache.unomi.mailchimp.services.MailChimpService" />
</blueprint>




