<?xml version="1.0" encoding="UTF-8"?>
<!--
  ~ Licensed to the Apache Software Foundation (ASF) under one or more
  ~ contributor license agreements.  See the NOTICE file distributed with
  ~ this work for additional information regarding copyright ownership.
  ~ The ASF licenses this file to You under the Apache License, Version 2.0
  ~ (the "License"); you may not use this file except in compliance with
  ~ the License.  You may obtain a copy of the License at
  ~
  ~      http://www.apache.org/licenses/LICENSE-2.0
  ~
  ~ Unless required by applicable law or agreed to in writing, software
  ~ distributed under the License is distributed on an "AS IS" BASIS,
  ~ WITHOUT WARRANTIES OR CONDITIONS OF ANY KIND, either express or implied.
  ~ See the License for the specific language governing permissions and
  ~ limitations under the License.
  -->

<blueprint xmlns:xsi="http://www.w3.org/2001/XMLSchema-instance"
           xmlns:cm="http://aries.apache.org/blueprint/xmlns/blueprint-cm/v1.1.0"
           xmlns="http://www.osgi.org/xmlns/blueprint/v1.0.0"
           xmlns:shell="http://karaf.apache.org/xmlns/shell/v1.1.0"
           xsi:schemaLocation="http://www.osgi.org/xmlns/blueprint/v1.0.0 http://www.osgi.org/xmlns/blueprint/v1.0.0/blueprint.xsd
  http://aries.apache.org/blueprint/xmlns/blueprint-cm/v1.1.0 http://aries.apache.org/schemas/blueprint-cm/blueprint-cm-1.1.0.xsd">

    <cm:property-placeholder persistent-id="org.apache.unomi.metrics"
                             update-strategy="reload" placeholder-prefix="${metrics.">
        <cm:default-properties>
            <cm:property name="activated" value="false"/>
        </cm:default-properties>
    </cm:property-placeholder>

    <bean id="metricsServiceImpl" class="org.apache.unomi.metrics.internal.MetricsServiceImpl">
        <property name="activated" value="${metrics.activated}"/>
    </bean>

    <service id="metricsService" ref="metricsServiceImpl">
        <interfaces>
            <value>org.apache.unomi.metrics.MetricsService</value>
        </interfaces>
    </service>

    <shell:command-bundle>
        <shell:command>
            <shell:action class="org.apache.unomi.metrics.commands.ListCommand">
                <shell:property name="metricsService" ref="metricsServiceImpl" />
            </shell:action>
        </shell:command>
        <shell:command>
            <shell:action class="org.apache.unomi.metrics.commands.ViewCommand">
                <shell:property name="metricsService" ref="metricsServiceImpl" />
            </shell:action>
        </shell:command>
        <shell:command>
            <shell:action class="org.apache.unomi.metrics.commands.ResetCommand">
                <shell:property name="metricsService" ref="metricsServiceImpl" />
            </shell:action>
        </shell:command>
        <shell:command>
            <shell:action class="org.apache.unomi.metrics.commands.ActivateCommand">
                <shell:property name="metricsService" ref="metricsServiceImpl" />
            </shell:action>
        </shell:command>
        <shell:command>
            <shell:action class="org.apache.unomi.metrics.commands.DeactivateCommand">
                <shell:property name="metricsService" ref="metricsServiceImpl" />
            </shell:action>
        </shell:command>
        <shell:command>
            <shell:action class="org.apache.unomi.metrics.commands.CallerStatusCommand">
                <shell:property name="metricsService" ref="metricsServiceImpl" />
            </shell:action>
        </shell:command>
    </shell:command-bundle>


</blueprint>
