<?xml version="1.0" encoding="UTF-8" standalone="yes"?>
<!--
  ~ Licensed to the Apache Software Foundation (ASF) under one or more
  ~ contributor license agreements.  See the NOTICE file distributed with
  ~ this work for additional information regarding copyright ownership.
  ~ The ASF licenses this file to You under the Apache License, Version 2.0
  ~ (the "License"); you may not use this file except in compliance with
  ~ the License.  You may obtain a copy of the License at
  ~
  ~      http://www.apache.org/licenses/LICENSE-2.0
  ~
  ~ Unless required by applicable law or agreed to in writing, software
  ~ distributed under the License is distributed on an "AS IS" BASIS,
  ~ WITHOUT WARRANTIES OR CONDITIONS OF ANY KIND, either express or implied.
  ~ See the License for the specific language governing permissions and
  ~ limitations under the License.
  -->
<features xmlns="http://karaf.apache.org/xmlns/features/v1.2.1" name="unomi-salesforce-connector-karaf-feature">
    <feature name="unomi-salesforce-connector-karaf-kar" version="${project.version}" description="Apache Unomi :: Extensions :: Salesforce connector :: Apache Karaf Feature">
        <details>Apache Karaf feature for the Apache Unomi Context Server extension that integrates with Salesforce</details>
        <configfile finalname="/etc/org.apache.unomi.sfdc.cfg">mvn:org.apache.unomi/unomi-salesforce-connector-services/${project.version}/cfg/sfdccfg</configfile>
        <bundle start-level="85">mvn:org.apache.httpcomponents/httpcore-osgi/${httpcore-osgi.version}</bundle>
        <bundle start-level="85">mvn:org.apache.httpcomponents/httpclient-osgi/${httpclient-osgi.version}</bundle>
        <bundle start-level="85">mvn:org.apache.unomi/unomi-salesforce-connector-services/${project.version}</bundle>
        <bundle start-level="85">mvn:org.apache.unomi/unomi-salesforce-connector-rest/${project.version}</bundle>
        <bundle start-level="85">mvn:org.apache.unomi/unomi-salesforce-connector-actions/${project.version}</bundle>
    </feature>
</features>
