{
  "dynamic_templates": [
    {
      "all": {
        "match": "*",
        "match_mapping_type": "string",
        "mapping": {
          "type": "text",
          "analyzer": "folding",
          "fields": {
            "keyword": {
              "type": "keyword",
              "ignore_above": 256
            }
          }
        }
      }
    }
  ],
  "properties": {
    "elevation": {
      "type": "long"
    },
    "location": {
      "type": "geo_point"
    },
    "modificationDate": {
      "type": "date",
      "format": "strict_date_optional_time||epoch_millis"
    },
    "population": {
      "type": "long"
    }
  }
}