<?xml version="1.0" encoding="UTF-8"?>
<!--
  ~ Licensed to the Apache Software Foundation (ASF) under one or more
  ~ contributor license agreements.  See the NOTICE file distributed with
  ~ this work for additional information regarding copyright ownership.
  ~ The ASF licenses this file to You under the Apache License, Version 2.0
  ~ (the "License"); you may not use this file except in compliance with
  ~ the License.  You may obtain a copy of the License at
  ~
  ~      http://www.apache.org/licenses/LICENSE-2.0
  ~
  ~ Unless required by applicable law or agreed to in writing, software
  ~ distributed under the License is distributed on an "AS IS" BASIS,
  ~ WITHOUT WARRANTIES OR CONDITIONS OF ANY KIND, either express or implied.
  ~ See the License for the specific language governing permissions and
  ~ limitations under the License.
  -->

<blueprint xmlns:xsi="http://www.w3.org/2001/XMLSchema-instance"
           xmlns:cm="http://aries.apache.org/blueprint/xmlns/blueprint-cm/v1.1.0"
           xmlns="http://www.osgi.org/xmlns/blueprint/v1.0.0"
           xsi:schemaLocation="http://www.osgi.org/xmlns/blueprint/v1.0.0 http://www.osgi.org/xmlns/blueprint/v1.0.0/blueprint.xsd
           http://aries.apache.org/blueprint/xmlns/blueprint-cm/v1.1.0 http://aries.apache.org/schemas/blueprint-cm/blueprint-cm-1.1.0.xsd">

    <cm:property-placeholder persistent-id="org.apache.unomi.lifecycle"
                             update-strategy="reload" placeholder-prefix="${lifecycle.">
        <cm:default-properties>
            <cm:property name="requiredStartedBundleCount" value="16" />
            <cm:property name="requiredServices" value="(urlPatterns=/eventcollector),(urlPatterns=/context.json)" />
        </cm:default-properties>
    </cm:property-placeholder>

    <bean id="bundleWatcher" init-method="init" destroy-method="destroy" class="org.apache.unomi.lifecycle.BundleWatcher">
        <property name="bundleContext" ref="blueprintBundleContext"/>
        <property name="requiredServices" value="${lifecycle.requiredServices}" />
        <property name="requiredStartedBundleCount" value="${lifecycle.requiredStartedBundleCount}" />
    </bean>

    <service id="bundleWatcherService" ref="bundleWatcher">
        <interfaces>
            <value>org.apache.unomi.lifecycle.BundleWatcher</value>
        </interfaces>
    </service>

</blueprint>
