<?xml version="1.0" encoding="UTF-8"?>
<!--
  ~ Licensed to the Apache Software Foundation (ASF) under one or more
  ~ contributor license agreements.  See the NOTICE file distributed with
  ~ this work for additional information regarding copyright ownership.
  ~ The ASF licenses this file to You under the Apache License, Version 2.0
  ~ (the "License"); you may not use this file except in compliance with
  ~ the License.  You may obtain a copy of the License at
  ~
  ~      http://www.apache.org/licenses/LICENSE-2.0
  ~
  ~ Unless required by applicable law or agreed to in writing, software
  ~ distributed under the License is distributed on an "AS IS" BASIS,
  ~ WITHOUT WARRANTIES OR CONDITIONS OF ANY KIND, either express or implied.
  ~ See the License for the specific language governing permissions and
  ~ limitations under the License.
  -->

<blueprint xmlns:xsi="http://www.w3.org/2001/XMLSchema-instance"
           xmlns="http://www.osgi.org/xmlns/blueprint/v1.0.0"
           xsi:schemaLocation="http://www.osgi.org/xmlns/blueprint/v1.0.0 http://www.osgi.org/xmlns/blueprint/v1.0.0/blueprint.xsd">

    <reference id="metricsService" interface="org.apache.unomi.metrics.MetricsService" />

    <bean id="groovyActionDispatcherImpl" class="org.apache.unomi.services.actions.groovy.GroovyActionDispatcher"
          init-method="postConstruct" destroy-method="preDestroy">
        <property name="metricsService" ref="metricsService" />
        <property name="bundleContext" ref="blueprintBundleContext"/>
    </bean>
    <service id="groovyActionDispatcher" ref="groovyActionDispatcherImpl">
        <interfaces>
            <value>org.apache.unomi.api.actions.ActionDispatcher</value>
            <value>org.osgi.framework.SynchronousBundleListener</value>
        </interfaces>
    </service>
</blueprint>
